-- Nom - Prénom : Tauxe Florian
-- Date: 15.06.2021
-- Lieu : ETML, Lausanne
--
-- Dumping data for table `pays`
--
USE `db_terracoast`;

INSERT INTO `t_continent` (`idContinent`, `conName`) VALUES
(1, "Asie"),
(2, "Europe"),
(3, "Amérique"),
(4, "Afrique"),
(5, "Océanie");

INSERT INTO `t_user` (`idUser`, `useNom`,`useMdp`, `isAdmin`) VALUES
(1, "Florian","$2y$10$BWkGe2WsrLowisHi6mP27udssm6BoCP6RIPbsMzILiMQWgxnDKrfO", 0),
(2, "Seb","$2y$10$wjP1NIHVm8l1IHuSSp0XhOFAOj2b0hgfFRcfMWsoyHkYmcXIiF5JG", 0),
(3, "Omega","$2y$10$gRfAYIujKPHlrDu0HWMoQ.keo8WHn2biRFp94vIHP/7URD7H8yhJ.", 0),
(4, "MaxouLeBestou","$2y$10$bJDcp/yc28cYi8kvkWi/wOJEf0ZvgitNAjnkRFt4.21i/fmv7uWT.", 0);

INSERT INTO `t_pays` (`idPays`, `payAbreviation`, `payCapitale`, `payNom`, `fkContinent`) VALUES
(1, "AF", "Kaboul", "Afghanistan", 1),
(2, "AL", "Tirana", "Albanie", 2),
(3, "DZ", "Alger", "Algérie", 4),
(4, "WS", "Apia", "Samoa", 5),
(5, "AD", "Andorre-la-vieille", "Andorre", 1),
(6, "AO", "Luanda", "Angola", 4),
(7, "AG", "Saint John’s", "Antigua-et-Barbuda", 3),
(8, "AZ", "Bakou", "Azerbaïdjan", 1),
(9, "AR", "Buenos Aires", "Argentine", 3),
(10, "AU", "Canberra", "Australie", 5),
(11, "AT", "Vienne", "Autriche", 1),
(12, "BS", "Nassau", "Bahamas", 3),
(13, "BH", "Manama", "Bahreïn", 1),
(14, "BD", "Dacca", "Bangladesh", 1),
(15, "AM", "Erevan", "Arménie", 1),
(16, "BB", "Bridgetown", "Barbade", 3),
(17, "BE", "Bruxelles", "Belgique", 2),
(18, "BT", "Thimphou", "Bhoutan", 1),
(19, "BO", "La Paz", "Bolivie", 3),
(20, "BA", "Sarajevo", "Bosnie-Herzégovine", 2),
(21, "BW", "Gaborone", "Botswana", 4),
(22, "BR", "Brasilia", "Brésil", 3),
(23, "BZ", "Belmopan", "Belize", 3),
(24, "SB", "Honiara", "Îles Salomon", 5),
(25, "BN", "Bandar Seri Begawan", "Brunei", 1),
(26, "BG", "Sofia", "Bulgarie", 2),
(27, "MM", "Naypiadaw", "Birmanie", 1),
(28, "BI", "Gitega", "Burundi", 4),
(29, "BY", "Minsk", "Bielorussie", 2),
(30, "KH", "Phnom Penh", "Cambodge", 1),
(31, "CM", "Yaoundé", "Cameroun", 4),
(32, "CA", "Ottawa", "Canada", 3),
(33, "CV", "Praia", "Cap-vert", 4),
(34, "CF", "Bangui", "République Centrafricaine", 4),
(35, "LK", "Sri Jayawardenapura Kotte", "Sri Lanka", 1),
(36, "TD", "N'Djamena", "Tchad", 4),
(37, "CL", "Santiago", "Chili", 3),
(38, "CN", "Pékin", "Chine", 1),
(39, "TW", "Taipei", "Taïwan", 1),
(40, "CO", "Bogota", "Colombie", 3),
(41, "KM", "Moroni", "Comores", 4),
(42, "CG", "Brazzaville", "République du Congo", 4),
(43, "CD", "Kinshasa", "République Démocratique du Congo", 4),
(44, "CR", "San José", "Costa Rica", 3),
(45, "HR", "Zagreb", "Croatie", 2),
(46, "CU", "La Havane", "Cuba", 3),
(47, "CY", "Nicosie", "Chypre", 2),
(48, "CZ", "Prague", "République Tchèque", 2),
(49, "BJ", "Porto Novo", "Bénin", 4),
(50, "DK", "Copenhague", "Danemark", 2),
(51, "DM", "Roseau", "Dominique", 3),
(52, "DO", "Saint-Domingue", "République Dominicaine", 3),
(53, "EC", "Quito", "Équateur", 3),
(54, "SV", "San Salvador", "El Salvador", 3),
(55, "GQ", "Malabo", "Guinée Équatoriale", 4),
(56, "ET", "Addis-Abeba", "Éthiopie", 4),
(57, "ER", "Asmara", "Érythrée", 4),
(58, "EE", "Tallinn", "Estonie", 2),
(59, "FJ", "Suva", "Fidji", 5),
(60, "FI", "Helsinki", "Finlande", 2),
(61, "FR", "Paris", "France", 2),
(62, "DJ", "Djibouti", "Djibouti", 4),
(63, "GA", "Libreville", "Gabon", 4),
(64, "GE", "Tbilissi", "Géorgie", 1),
(65, "GM", "Banjul", "Gambie", 4),
(66, "DE", "Berlin", "Allemagne", 2),
(67, "GH", "Accra", "Ghana", 4),
(68, "KI", "Tarawa-Sud", "Kiribati", 5),
(69, "GR", "Athènes", "Grèce", 2),
(70, "GD", "Saint-Georges", "Grenade", 3),
(71, "GT", "Guatemala", "Guatemala", 3),
(72, "GN", "Conakry", "Guinée", 4),
(73, "GY", "Georgetown", "Guyana", 3),
(74, "HT", "Port-aux-princes", "Haïti", 3),
(75, "VA", "Vatican", "Vatican", 2),
(76, "HN", "Tegucigalpa", "Honduras", 3),
(77, "HU", "Budapest", "Hongrie", 2),
(78, "IS", "Reykjavik", "Islande", 2),
(79, "IN", "New Dehli", "Inde", 1),
(80, "ID", "Jakarta", "Indonésie", 1),
(81, "IQ", "Bagdad", "Irak", 1),
(82, "IE", "Dublin", "Irlande", 2),
(83, "IL", "Jérusalem", "Israël", 1),
(84, "IT", "Rome", "Italie", 2),
(85, "CI", "Yamoussoukro", "Côte d'Ivoire", 4),
(86, "JM", "Kingston", "Jamaïque", 3),
(87, "JP", "Tokyo", "Japon", 1),
(88, "KZ", "Noursoultan", "Kazakhstan", 1),
(89, "JO", "Amman", "Jordanie", 1),
(90, "KE", "Nairobi", "Kenya", 4),
(91, "KP", "Pyongyang", "Corée du Nord", 1),
(92, "KR", "Séoul", "Corée du Sud", 1),
(93, "KW", "Koweït", "Koweït", 1),
(94, "KG", "Bichkek", "Kirghizistan", 1),
(95, "LA", "Vientiane", "Laos", 1),
(96, "LB", "Beyrouth", "Liban", 1),
(97, "LS", "Maseru", "Lesotho", 4),
(98, "LV", "Riga", "Lettonie", 2),
(99, "LR", "Monrovia", "Libéria", 4),
(100, "LY", "Tripoli", "Libye", 4),
(101, "LI", "Vaduz", "Liechtenstein", 2),
(102, "LT", "Vilnius", "Lituanie", 2),
(103, "LU", "Luxembourg", "Luxembourg", 2),
(104, "MG", "Tananarive", "Madagascar", 4),
(105, "MW", "Lilongwe", "Malawi", 4),
(106, "MY", "Kuala Lumpur", "Malaisie", 1),
(107, "MV", "Malé", "Maldives", 1),
(108, "ML", "Bamako", "Mali", 4),
(109, "MT", "La Valette", "Malte", 2),
(110, "MR", "Nouakchott", "Mauritanie", 4),
(111, "MU", "Port-Louis", "Maurice", 4),
(112, "MX", "Mexico", "Mexique", 3),
(113, "MC", "Monaco", "Monaco", 2),
(114, "MN", "Oulan-Bator", "Mongolie", 1),
(115, "MD", "Chinsinau", "Moldavie", 2),
(116, "MA", "Rabat", "Maroc", 4),
(117, "MZ", "Maputo", "Mozambique", 4),
(118, "OM", "Mascate", "Oman", 1),
(119, "NA", "Windhoek", "Namibie", 4),
(120, "NR", "Yaren", "Nauru", 5),
(121, "NP", "Katmandou", "Népal", 1),
(122, "NL", "Amsterdam", "Pays-Bas", 2),
(123, "VU", "Port-Vila", "Vanuatu", 5),
(124, "NZ", "Wellington", "Nouvelle-Zélande", 5),
(125, "NI", "Managua", "Nicaragua", 3),
(126, "NE", "Niamey", "Niger", 4),
(127, "NG", "Abuja", "Nigéria", 4),
(128, "NU", "Alofi", "Niué", 5),
(129, "NO", "Oslo", "Norvège", 2),
(130, "FM", "Palikir", "Micronésie", 5),
(131, "MH", "Majuro", "Îles Marshall", 5),
(132, "PW", "Ngerulmud", "Palaos", 5),
(133, "PK", "Islamabad", "Pakistan", 1),
(134, "PA", "Panama", "Panama", 3),
(135, "PG", "Port-Moresby", "Papouasie-Nouvelle-Guinée", 5),
(136, "PY", "Asuncion", "Paraguay", 3),
(137, "PE", "Lima", "Pérou", 3),
(138, "PH", "Manille", "Philippines", 1),
(139, "PL", "Varsovie", "Pologne", 2),
(140, "PT", "Lisbonne", "Portugal", 2),
(141, "GW", "Bissau", "Guinée-Bissau", 4),
(142, "TL", "Dili", "Timor Oriental", 1),
(143, "QA", "Doha", "Qatar", 1),
(144, "RO", "Bucarest", "Roumanie", 2),
(145, "RU", "Moscou", "Russie", 1),
(146, "RW", "Kigali", "Rwanda", 4),
(147, "KN", "Basseterre", "Saint-Christophe-et-Niévès", 3),
(148, "LC", "Castries", "Sainte-Lucie", 3),
(149, "VC", "Kingstown", "Saint-Vincent-et-les Grenadines", 3),
(150, "SM", "Saint-Marin", "Saint-Marin", 2),
(151, "ST", "Sao Tomé", "Sao Tomé-et-Principe", 4),
(152, "SA", "Riyad", "Arabie Saoudite", 1),
(153, "SN", "Dakar", "Sénégal", 4),
(154, "SC", "Victoria", "Seychelles", 4),
(155, "SL", "Freetown", "Sierra Leone", 4),
(156, "SG", "Singapour", "Singapour", 1),
(157, "SK", "Bratislava", "Slovaquie", 2),
(158, "VN", "Hanoi", "Vietnam", 1),
(159, "SI", "Ljubljana", "Slovénie", 2),
(160, "SO", "Mogadiscio", "Somalie", 4),
(161, "ZA", "Pretoria", "Afrique du Sud", 4),
(162, "ZW", "Harare", "Zimbabwe", 4),
(163, "ES", "Madrid", "Espagne", 2),
(164, "SD", "Khartoum", "Soudan", 4),
(165, "SR", "Paramaribo", "Suriname", 3),
(166, "SZ", "Mbabane", "Swaziland", 4),
(167, "SE", "Stockholm", "Suède", 2),
(168, "CH", "Berne", "Suisse", 2),
(169, "SY", "Damas", "Syrie", 1),
(170, "TJ", "Douchanbé", "Tadjikistan", 1),
(171, "TH", "Bangkok", "Thaïlande", 1),
(172, "TG", "Lomé", "Togo", 4),
(173, "TO", "Nuku'Alofa", "Tonga", 5),
(174, "TT", "Port-d'Espagne", "Trinité-et-Tobago", 3),
(175, "AE", "Abou Dabi", "Émirats Arabes Unis", 1),
(176, "TN", "Tunis", "Tunisie", 4),
(177, "TR", "Ankara", "Turquie", 1),
(178, "TM", "Achgabat", "Turkménistan", 1),
(179, "TV", "Funafuti", "Tuvalu", 5),
(180, "UG", "Kampala", "Ouganda", 4),
(181, "UA", "Kiev", "Ukraine", 2),
(182, "MK", "Skopje", "Macédoine du Nord", 2),
(183, "EG", "Le Caire", "Égypte", 4),
(184, "GB", "Londres", "Royaume-Uni", 2),
(185, "TZ", "Dodoma", "Tanzanie", 4),
(186, "US", "Washington", "États-Unis", 3),
(187, "BF", "Ouagadougou", "Burkina Faso", 4),
(188, "UY", "Montevideo", "Uruguay", 3),
(189, "UZ", "Tachkent", "Ouzbékistan", 1),
(190, "VE", "Caracas", "Venezuela", 3),
(191, "YE", "Sanaa", "Yémen", 1),
(192, "RS", "Belgrade", "Serbie", 2),
(193, "ME", "Podgorica", "Monténégro", 2),
(194, "ZM", "Lusaka", "Zambie", 1),
(195, "IR", "Téhéran", "Iran", 1);

INSERT INTO `t_canton` (`idCanton`, `canNom`, `canChef`) VALUES
(1, "Zurich", "Zurich"),
(2, "Berne", "Berne"),
(3, "Lucerne", "Lucerne"),
(4, "Uri", "Altdorf"),
(5, "Schwytz", "Schwytz"),
(6, "Obwald", "Sarnen"),
(7, "Nidwald", "Stans"),
(8, "Glaris", "Glaris"),
(9, "Zoug", "Zoug"),
(10, "Fribourg", "Fribourg"),
(11, "Soleure", "Soleure"),
(12, "Bâle-Ville", "Bâle"),
(13, "Bâle-Campagne", "Liestal"),
(14, "Schaffhouse", "Schaffhouse"),
(15, "Appenzell Rhodes-Extérieures", "Herisau"),
(16, "Appenzell Rhodes-Intérieures", "Appenzell"),
(17, "Saint-Gall", "Saint-Gall"),
(18, "Grisons", "Coire"),
(19, "Argovie", "Aarau"),
(20, "Thurgovie", "Frauenfeld"),
(21, "Tessin", "Bellinzone"),
(22, "Vaud", "Lausanne"),
(23, "Valais", "Sion"),
(24, "Neuchâtel", "Neuchâtel"),
(25, "Genève", "Genève"),
(26, "Jura", "Delémont");

INSERT INTO `t_quiz` (`idQuiz`, `quiTitre`, `quiDescription`, `quiDifficulte`, `quiTemps`, `quiLien`) VALUES
(1, "Entraînement", "Ceci est un entraînement !", "Facile", "Infini", "training"),
(2, "Pays du monde (drapeaux)", "Trouves tous les pays du monde avec l'aide des drapeaux !", "Difficile", "2 min", "pays-du-monde/countries"),
(3, "Capitales du monde (drapeaux)", "Trouves toutes les capitales du monde avec l'aide des drapeaux !", "Difficile", "2 min", "capitale-du-monde/capitals"),
(4, "Abréviations (drapeaux)", "Trouves toutes les abréviations avec l'aide des drapeaux !", "Difficile", "2 min", "abréviation-du-monde/abbreviations"),
(5, "Pays du monde", "Trouves tous les pays du monde !", "Démon", "3 min", "pays-du-monde/countriesWithoutFlags"),
(6, "Capitales du monde", "Trouves toutes les capitales du monde !", "Démon", "3 min", "capitale-du-monde/capitalsWithoutFlags"),
(7, "Abréviations", "Trouves toutes les abréviations du monde !", "Démon", "3 min", "abréviation-du-monde/abbreviationsWithoutFlags"),
(8, "Drapeaux du monde", "Trouves tous les pays du monde en fonction du drapeau !", "Moyen", "3 min", "drapeau-du-monde/flags"),
(9, "Cantons", "Trouves tous les cantons dela Suisse !", "Facile", "5 min", "pays-spécifique/switzerland/switzerland"),
(10, "Pays d'Europe", "Trouves tous les pays d'Europe !", "Facile", "5 min", "continents/europe/europe"),
(11, "Pays d'Asie", "Trouves tous les pays d'Asie !", "Moyen", "5 min", "continents/asie/asie"),
(12, "Pays d'Afrique", "Trouves tous les pays d'Afrique !", "Moyen", "5 min", "continents/afrique/afrique"),
(13, "Pays d'Amérique", "Trouves tous les pays d'Amérique !", "Facile", "5 min", "continents/amerique/amerique"),
(14, "Pays d'Océanie", "Trouves tous les pays d'Océanie !", "Difficile", "5 min", "continents/oceanie/oceanie");

-- Nom - Prénom : Tauxe Florian
-- Date: 15.06.2021
-- Lieu : ETML, Lausanne
--
-- Dumping data for table `pays`
--
